query,ok,key_count,attributes_json
Cooler Motor,False,0,{}
Actuators,False,0,{}
130 Flat Motor,False,0,{}
ap fan motor & fresh air moter,False,0,{}
a.c. induction motor,False,0,{}
Siemens Sipart Ps2 Positioner Model 6dr5,False,0,{}
Ac Outdoor Fan Motor,False,0,{}
siemens-electric-motors,False,0,{}
SIEMENS SIMOTICS S-1FK2  SERVO MOTOR 1FK2104-6AF01-1MB0 1 kW,False,0,{}
yako tech ms s3,False,0,{}
brushless dc motor,False,0,{}
ABB Electric Motor,False,0,{}
sensor plate,False,0,{}
electronic components bo moters,False,0,{}
1500 kv ccw multirotor motor,False,0,{}
Panasonic Geared Motor,False,0,{}
worm geared brake motor,False,0,{}
eletical motors 40hp,False,0,{}
Rotomotive Induction Motor 3 Phase,False,0,{}
100 W Chimney Motor,False,0,{}
1 for reselling piece Panasonic Geared Motor,True,2,"{""product"": ""1"", ""brand"": ""panasonic""}"
Motor Cover,True,2,"{""motor part type"": ""cover"", ""product"": ""motor cover""}"
b04420065,True,0,{}
1 piece Slip Rings,True,2,"{""motor part type"": ""slip"", ""product"": ""slip rings""}"
venex 3 phase dol motor starter,True,5,"{""phase"": ""3 phase"", ""product"": ""3 phase dol motor starter"", ""starter type"": ""dol"", ""usage"": ""motor starter"", ""brand"": ""venex""}"
Used Crompton Greaves Motor,True,4,"{""brand"": ""crompton"", ""product"": ""crompton greaves motor"", ""part type"": ""motor"", ""condition"": ""used""}"
Mobile Starter Prime,True,1,"{""product"": ""mobile starter""}"
1kw( 1.3hp) bldc motor,True,3,"{""power"": ""1kw( 1.3hp)"", ""motor type"": ""bldc"", ""product"": ""bldc motor""}"
1kw( 1.3hp) bldc motor near jharsuguda,True,3,"{""power"": ""1kw( 1.3hp)"", ""motor type"": ""bldc"", ""product"": ""bldc motor""}"
spg motor,True,1,"{""product"": ""motor""}"
crompton greaves motor 5 hp 3.70 kw 3 phase 1450 rpm foot mount,True,5,"{""speed"": ""1450 rpm"", ""phase"": ""3 phase"", ""brand"": ""crompton"", ""product"": ""crompton greaves motor"", ""mounting type"": ""foot""}"
Vacuum Cleaner Motors,True,3,"{""part type"": ""motors"", ""usage"": ""vacuum cleaner"", ""product"": ""vacuum cleaner motors""}"
Siemens Electric Three Phase Motor,True,4,"{""power source"": ""electric"", ""brand"": ""siemens"", ""product"": ""siemens electric three phase motor"", ""phase"": ""three phase""}"
panasonic gear box MY9G30B,True,3,"{""product"": ""gear box"", ""model name/number"": ""my9g30b"", ""brand"": ""panasonic""}"
Three Phase Dol Starter (elcw-s-digi),True,4,"{""model name/number"": ""(elcw-s-digi)"", ""starter type"": ""dol"", ""phase"": ""three phase"", ""product"": ""three phase dol starter""}"
Motor Plate,True,2,"{""product"": ""motor plate"", ""motor part type"": ""plate""}"
three phase dol dry run motor starter,True,1,"{""product"": ""motor starter""}"
Single Phase Electric Motor,True,3,"{""power source"": ""electric"", ""no of phase"": ""single phase"", ""product"": ""single phase electric motor""}"
auto switch,True,1,"{""product"": ""auto switch""}"
Mdt Knx Actuator Automation Products Dealer,True,1,"{""product"": ""automation products""}"
Three Phase DOL  Auto Switch With Timer With Connector (Rocker Switch),True,1,"{""product"": ""three phase dol auto switch""}"
Hydraulic Motor,True,2,"{""power source"": ""hydraulic"", ""product"": ""hydraulic motor""}"
sliding door motor,True,3,"{""usage"": ""door"", ""open style"": ""sliding"", ""product"": ""sliding door motor""}"
solenoid-switches,True,1,"{""product"": ""solenoid-switches""}"
symphony air cooler motor,True,1,"{""product"": ""symphony air cooler motor""}"
PBL Geared Motors,True,2,"{""brand"": ""pbl"", ""product"": ""pbl geared motors""}"
super max oil immersed dol motor starter,True,1,"{""product"": ""dol motor starter""}"
Sunflag Table Fan Motor,True,1,"{""product"": ""table fan motor""}"
Industrial Motors,True,1,"{""product"": ""industrial motors""}"
crompton 3 phase motor 7.5 hp i3,True,1,"{""product"": ""crompton 3 phase motor""}"
linear actuator control board,True,1,"{""product"": ""control board""}"
panasonic gar box,True,1,"{""product"": ""box""}"
ड्रोन डीसी मोटर,True,0,{}
single phase servo motor,True,1,"{""product"": ""single phase servo motor""}"
single phase mild steel geared motor,True,1,"{""product"": ""geared motor""}"
Gold Power Single Phase Induction Motor,True,1,"{""product"": ""single phase induction motor""}"
Siemens 3TW72911AW78,True,1,"{""product"": ""siemens""}"
Siemens 3TW72911AW74,True,1,"{""product"": ""siemens""}"
Siemens 3TW72911AW72,True,1,"{""product"": ""siemens""}"
Siemens 3TW72911AW71,True,1,"{""product"": ""siemens""}"
Vertical Hollow Shaft Motor Service,True,1,"{""product"": ""motor service""}"
Siemens 3TW72911AW69,True,1,"{""product"": ""siemens""}"
Siemens 3TW72911AW68,True,1,"{""product"": ""siemens""}"
Siemens 3TW72911AW66,True,1,"{""product"": ""siemens""}"
Siemens 3TW72911AW64,True,1,"{""product"": ""siemens""}"
100 HP to 2000 HP  Slip Ring Motor Starter,True,1,"{""product"": ""slip ring motor starter""}"
Crompton Single Phase Electric Motor,True,1,"{""product"": ""crompton single phase electric motor""}"
6 for business use piece electronic Valve Positioners,True,1,"{""product"": ""6""}"
drondch motor,True,1,"{""product"": ""motor""}"
STP-43D2035 Stepper Motor,True,1,"{""product"": ""stepper motor""}"
SIEMENS SIMOTICS S-1FK2  SERVO MOTOR 1FK2104-6AF01-1MB0,True,1,"{""product"": ""servo motor""}"
Crompton 0.5hp Motor,True,1,"{""product"": ""0.5hp motor""}"
Jencode Hollow Shaft Encoder,True,1,"{""product"": ""hollow shaft encoder""}"
AC MOTARS,True,1,"{""product"": ""ac motars""}"
Hadrulicl Power motar,True,1,"{""product"": ""motar""}"
RC Car Brushless ESC Platinum Edition 120A,True,1,"{""product"": ""edition""}"
RPG15Q Motor,True,1,"{""product"": ""motor""}"
Honeywell V4055 Fuild Power Actuator,True,1,"{""product"": ""actuator""}"
servo motor .,True,1,"{""product"": ""servo motor""}"
L & T SOFT STARTOR,True,1,"{""product"": ""l & t""}"
775 dc motor,True,1,"{""product"": ""775 dc motor""}"
Brake Motors,True,1,"{""product"": ""brake motors""}"
1FK2104-6AF01-1MB0,True,0,{}
Electric Motor,True,1,"{""product"": ""electric motor""}"
3 phase 415 V 0.09KW Motor,True,1,"{""product"": ""3 phase""}"
crompton motors crompton motor 5 hp single phase near patna,True,1,"{""product"": ""motor 5 hp""}"
12v 775 Dc Motor,True,1,"{""product"": ""775 dc motor""}"
Linear Actuator,True,1,"{""product"": ""linear actuator""}"
"Gold Power Single Phase Induction Motor, Voltage: 220V",True,1,"{""product"": ""single phase""}"
dc motors,True,1,"{""product"": ""dc motors""}"
dol starter,True,1,"{""product"": ""dol starter""}"
Wages Patti,True,0,{}
Lift Motor,True,1,"{""product"": ""lift motor""}"
0.25HP Single Phase Electric Motor,True,1,"{""product"": ""single phase electric motor""}"
12v dc dual shaft motor,True,1,"{""product"": ""dual""}"
single phase submersible pump starter,True,1,"{""product"": ""single phase submersible pump starter""}"
Bharat Bijlee Ie3 Motor,True,1,"{""product"": ""bharat""}"
Crompton Single Phase Vibrator,True,1,"{""product"": ""single phase""}"
Telescopic Brushes,True,1,"{""product"": ""telescopic brushes""}"
Carbon Brush,True,2,"{""material"": ""carbon"", ""product"": ""carbon brush""}"
electric gate motor,True,3,"{""power source"": ""electric"", ""product"": ""electric gate motor"", ""usage"": ""gate""}"
"101-200 KW 1 HP Bharat Bijlee Ac Motor, 1500 rpm",True,0,{}
Auto Switch for 3 Phase Motor,True,1,"{""product"": ""auto switch""}"
crompton motors crompton motor 5 hp single phase,True,1,"{""product"": ""motor 5 hp""}"
Motors,True,1,"{""product"": ""motors""}"
electrical motor,True,1,"{""product"": ""electrical motor""}"
"0.37 KW 0.5 HP Bharat Bijlee Electric Motor, 1500 rpm",True,0,{}
Three Phase Bharat Bijlee Motor,True,3,"{""brand"": ""bharat bijlee"", ""product"": ""bharat bijlee motor"", ""part type"": ""motor""}"
peco pk1 3 phase dol motor starter,True,1,"{""product"": ""3 phase dol motor starter""}"
Dol Motor Starter Dmc,True,3,"{""product"": ""dmc"", ""starter type"": ""dol"", ""usage"": ""motor starter""}"
tower-fan-motor,True,1,"{""product"": ""tower-fan-motor""}"
"11 KW 15 HP Crompton Greaves Electric Motor, 1000 rpm",True,1,"{""product"": ""crompton greaves""}"
"3 Phase Induction Motor, 3600 rpm, 4 Pole",True,1,"{""product"": ""3 phase""}"
Siemens Electric Motor,True,1,"{""product"": ""siemens electric motor""}"
"3.7 KW 5 HP Crompton Greaves AC motor, 1500 rpm",True,1,"{""product"": ""crompton greaves""}"
Crompton,True,1,"{""product"": ""crompton""}"
Crompton Greaves Industrial Motors,True,1,"{""product"": ""crompton greaves industrial motors""}"
White Motor Starter,True,1,"{""product"": ""motor starter""}"
SIEMENS SIMOTICS S-1FK2 SERVO MOTOR 1FK2106-4AF10-1MA0 2.7 kW,True,1,"{""product"": ""servo motor""}"
CG Three Phase Crompton Greaves Flameproof Motor,True,1,"{""product"": ""crompton greaves flameproof motor""}"
Makita HR-2440 Armature By PowerSpeed,True,1,"{""product"": ""armature""}"
bldc 50w 24v 3000rpm,True,0,{}
Mixer Grinder Motor,True,1,"{""product"": ""mixer grinder motor""}"
3000 rpm 24 v bldc 50w 24v 3000rpm,True,1,"{""product"": ""24""}"
three phase 5 ac induction motor piece 10 hp 1440 rpm Three Phase Induction Motor Cg Make 3 HP,True,1,"{""product"": ""ac induction motor""}"
motor protection cover,True,1,"{""product"": ""motor protection""}"
Dwe4235 Armature,True,1,"{""product"": ""armature""}"
AM Gold Motor Starter,True,1,"{""product"": ""motor starter""}"
R. S. Series Geared Motors,True,1,"{""product"": ""geared motors""}"
SIEMENS SIMOTICS S-1FK2 SERVO MOTOR 1FK2104-6AF01-1SB0 1 kW,True,0,{}
3000  rpm 24  v 10 bldc 50w 24v 3000rpm,True,1,"{""product"": ""10""}"
24  v 10 bldc 50w 24v 3000rpm,True,1,"{""product"": ""10""}"
makita mt240 cb203a cut off carbon brush,True,1,"{""product"": ""carbon brush""}"
2 hp gear motor,True,1,"{""product"": ""gear motor""}"
Induction Motor Cg Make,True,1,"{""product"": ""induction motor""}"
Dual shaft Motor,True,1,"{""product"": ""dual""}"
ac servo motor 750w,True,1,"{""product"": ""ac servo motor""}"
ats480c66y,True,0,{}
Kirloskar Electric Motor,True,1,"{""product"": ""kirloskar electric motor""}"
three  phase 1 ATS480C66Y,True,1,"{""product"": ""1""}"
l and t mpower pro mobile motor starter,True,1,"{""product"": ""l and t""}"
zd motor 25 w small ac geared motors 220v,True,1,"{""product"": ""ac geared motors""}"
kitchen hood motor,True,1,"{""product"": ""kitchen hood""}"
kapcon simi cooler motor,True,1,"{""product"": ""cooler motor""}"
Jayashree Rotory Encoder Hollow Shaft,True,1,"{""product"": ""hollow shaft""}"
20w fan dc motor,True,1,"{""product"": ""dc motor""}"
Wet Rice Grinders AUE Motors,True,1,"{""product"": ""motors""}"
Electronic Starter,True,1,"{""product"": ""electronic starter""}"
AC Synchronous Motors,True,1,"{""product"": ""ac synchronous motors""}"
Jayashree Encoder  : Hollow Shaft  J-50T,True,1,"{""product"": ""hollow shaft""}"
Motor,True,1,"{""product"": ""motor""}"
Remi Centrifuge Carbon Brush,True,1,"{""product"": ""remi centrifuge carbon brush""}"
High po re,True,1,"{""product"": ""po""}"
volvo & ir l&t case vibration motor shaft,True,1,"{""product"": ""motor shaft""}"
Rawat+Induction+Motors,True,0,{}
havells single phase motor,True,1,"{""product"": ""havells single phase motor""}"
HAVELLS 3 PHASE MOTORSIE2/IE3,True,1,"{""product"": ""3 phase""}"
DHARMENDRA,True,1,"{""product"": ""dharmendra""}"
vertical helical gear motor 5 hp,True,1,"{""product"": ""motor 5 hp""}"
Bosch parts,True,1,"{""product"": ""bosch parts""}"
Panasonic AC Servo Motor,True,1,"{""product"": ""panasonic ac servo motor""}"
squirrel-cage-motors,True,1,"{""product"": ""squirrel-cage-motors""}"
Belimo Damper Actuator,True,1,"{""product"": ""belimo damper actuator""}"
Squirrel Cage Induction Motor tefc type,True,1,"{""product"": ""squirrel cage induction motor""}"
fn20c motor,True,1,"{""product"": ""motor""}"
fireproof motor,True,1,"{""product"": ""motor""}"
Minas A6 Panasonic  Servo Motor & Driver,True,1,"{""product"": ""panasonic servo motor""}"
Planetary Gear Motor,True,1,"{""product"": ""planetary gear motor""}"
Squirrel Cage Induction Motor tefc type 415v,True,1,"{""product"": ""squirrel cage induction motor""}"
vertical helical gear motor,True,1,"{""product"": ""vertical helical gear motor""}"
2 advanced features 2 10 hp mobile starter,True,1,"{""product"": ""mobile starter""}"
Helical Geared Motor,True,1,"{""product"": ""helical geared motor""}"
dvd motor,True,1,"{""product"": ""dvd""}"
2 hp three phase induction motor,True,1,"{""product"": ""2 hp three phase induction motor""}"
Direct oil immersed starter skn Kelson U Kit Set,True,1,"{""product"": ""kit set""}"
Rolling Shutter Motor,True,1,"{""product"": ""rolling shutter motor""}"
Delton Three Single Phase Oil Starter,True,1,"{""product"": ""oil starter""}"
Shaft Encoder,True,1,"{""product"": ""shaft encoder""}"
CTV 110 Unimotion Servo Motor,True,1,"{""product"": ""servo motor""}"
Crompton Single Phase Motor,True,1,"{""product"": ""crompton single phase motor""}"
crompton single phase cooler motor,True,1,"{""product"": ""single phase cooler motor""}"
crompton greaves energy efficient motor,True,1,"{""product"": ""crompton greaves""}"
180 Watt Electro Magnetic Brake Motor,True,1,"{""product"": ""brake motor""}"
SIEMENS SIMOTICS S-1FK2 SERVO MOTOR 1FK2104-5AK00-0SB0 0.12 kW,True,1,"{""product"": ""servo motor""}"
SIEMENS SIMOTICS S-1FK2 SERVO MOTER 1FK2106-4AF10-0SA0 2.7 kW,True,1,"{""product"": ""servo moter""}"
Servo Motor,True,1,"{""product"": ""servo motor""}"
copper sewing machine motor armature,True,1,"{""product"": ""sewing machine motor armature""}"
cooler motor high speed,True,1,"{""product"": ""cooler motor""}"
cooler hee motor,True,1,"{""product"": ""cooler""}"
Kerovit Ege Actuation Plate,True,1,"{""product"": ""actuation""}"
ABB Soft Starters,True,1,"{""product"": ""abb soft starters""}"
Bullet Farrata Fan Motor,True,1,"{""product"": ""bullet farrata fan""}"
happymodel motor,True,1,"{""product"": ""motor""}"
Double Shaft Motor,True,1,"{""product"": ""double shaft motor""}"
incubator turning motor,True,1,"{""product"": ""incubator""}"
abb motor,True,1,"{""product"": ""abb motor""}"
2hp single phase motor cg model gf7010,True,1,"{""product"": ""2hp single phase motor""}"
2hp single phase motor near kolkata cg model no gf7010,True,1,"{""product"": ""2hp single phase motor""}"
100 HP Slip Ring Motor Starter,True,1,"{""product"": ""slip ring motor starter""}"
battery operated pmdc motor,True,1,"{""product"": ""battery operated""}"
Automatic Door Motor,True,1,"{""product"": ""automatic door motor""}"
Automatic Rolling Shutters Motor,True,1,"{""product"": ""automatic rolling shutters motor""}"
Nxu Gear Brake Motor In Pune,True,1,"{""product"": ""gear brake motor""}"
Bosch Carbon Brushes,True,1,"{""product"": ""bosch carbon brushes""}"
1 piece 750 watt 3000 rpm AC Servo Motor,True,1,"{""product"": ""ac servo motor""}"
Arun D O L Motor Starter,True,1,"{""product"": ""motor starter""}"
v12 mobile starter,True,1,"{""product"": ""mobile starter""}"
1 hp motor,True,1,"{""product"": ""1 hp motor""}"
angle grinder armature,True,1,"{""product"": ""angle grinder armature""}"
ola motor,True,1,"{""product"": ""motor""}"
altistart 22 soft starters,True,1,"{""product"": ""soft starters""}"
tawagawa hollow encoder ts 5700n8500,True,1,"{""product"": ""encoder""}"
tawagawa hollow encoder ts-5700n8500,True,1,"{""product"": ""encoder""}"
actuator model %3A rr a50 d,True,1,"{""product"": ""actuator""}"
86HS120 Two Phase Stepper Motor,True,1,"{""product"": ""stepper motor""}"
86 HS 65 Two Phase Stepper Motor,True,1,"{""product"": ""stepper motor""}"
Ola motot,True,1,"{""product"": ""ola""}"
Swing Gate Motor,True,1,"{""product"": ""swing gate motor""}"
COPCARBON BRUSH 25X40X10,True,1,"{""product"": ""brush""}"
DC GEAR MOTOR,True,1,"{""product"": ""dc gear motor""}"
motor-armature,True,1,"{""product"": ""motor-armature""}"
57 HS 22 Two Phase Stepper Motor,True,1,"{""product"": ""stepper motor""}"
57 HS 13 Two Phase Stepper Motor,True,1,"{""product"": ""stepper motor""}"
57 HS 09 Two Phase Stepper Motor,True,1,"{""product"": ""stepper motor""}"
el%20tech%20motors,True,0,{}
Leadshine ISV5713V36 1000 AC Servo Motor,True,1,"{""product"": ""ac servo motor""}"
PDA Sliding Gate Motor,True,1,"{""product"": ""sliding gate motor""}"
42 HS 02 Two Phase Stepper Motor,True,1,"{""product"": ""stepper motor""}"
Jencoder Hollow Type  Rotary Encoder J-50T,True,1,"{""product"": ""rotary encoder""}"
Inverter Duty Induction Motors,True,1,"{""product"": ""induction motors""}"
39 HS 02 Two Phase Stepper Motor,True,1,"{""product"": ""stepper motor""}"
aluminium bell,True,1,"{""product"": ""aluminium""}"
spindle-motors,True,1,"{""product"": ""spindle-motors""}"
Schneider Ats48 Soft Starter Repairs,True,1,"{""product"": ""schneider ats48 soft starter""}"
Jencoder Rotory Encoder : Hollow Type,True,1,"{""product"": ""hollow""}"
swing starter,True,1,"{""product"": ""starter""}"
Rhino 12V DC 30RPM 70Kgcm IG32 Heavy Duty Planetary Geared Motor,True,1,"{""product"": ""planetary geared motor""}"
18 inch g c exhaust fan motor housing,True,1,"{""product"": ""exhaust fan motor""}"
SIEMENS SIMOTICS S-1FK2 SERVO MOTOR 1FK2104-6AF01-1SB0,True,1,"{""product"": ""servo motor""}"
12v bldc,True,0,{}
1 Inch Kit Cooler Motor,True,1,"{""product"": ""cooler motor""}"
Jencoder Hollow Shaft Rotary Encoder J-50T,True,1,"{""product"": ""hollow shaft rotary encoder""}"
110HS20 Two Phase Stepper Motor,True,1,"{""product"": ""stepper motor""}"
Toothed Belt Axis Egc-tb,True,1,"{""product"": ""axis""}"
lifting-column-actuator,True,0,{}
Electric Rotary Actuators,True,1,"{""product"": ""electric rotary actuators""}"
Single Phase Motors,True,1,"{""product"": ""single phase motors""}"
AC Servo Motor,True,1,"{""product"": ""ac servo motor""}"
Unbalance Motors,True,1,"{""product"": ""motors""}"
Starters,True,1,"{""product"": ""starters""}"
industrial-electric-motor,True,1,"{""product"": ""industrial-electric-motor""}"
siemens motor,True,1,"{""product"": ""siemens motor""}"
Marsh Actuators,True,1,"{""product"": ""actuators""}"
Spindle Motors,True,1,"{""product"": ""spindle motors""}"
carbon brush size: 08 x 20 x 30mm,True,1,"{""product"": ""20""}"
1FK2104-6AF01-1SB0,True,0,{}
spal blower motor,True,1,"{""product"": ""blower motor""}"
VDS Automatic Sliding Gate Motor,True,1,"{""product"": ""automatic sliding gate motor""}"
BLDC Motor Sa42bld002 - 3000 Rpm 24vdc 52 Watt,True,1,"{""product"": ""bldc motor""}"
Electric Actuator,True,1,"{""product"": ""electric actuator""}"
Hollow Shaft Rotary Encoder :Jencoder,True,1,"{""product"": ""hollow shaft rotary encoder""}"
75 acrylic square 2 x 2 inch piece Photo print Polaroid Fridge Magnets Neodymium Acrylic,True,1,"{""product"": ""photo print""}"
double shaft encoder gear motor,True,1,"{""product"": ""gear motor""}"
960 rpm 1 foot mounted 15 hp three phase electric motor,True,1,"{""product"": ""three phase electric motor""}"
SIEMENS SIMOTICS S-1FK2 SERVO MOTOR 1FK2104-6AF10-0MB0 1 kW,True,0,{}
Y07-59d1-17155 Stepper Motor,True,1,"{""product"": ""stepper motor""}"
Schneider Electric BSH0703P11A2A Servo Motor,True,1,"{""product"": ""schneider electric""}"
bldc motor,True,1,"{""product"": ""bldc motor""}"
double shaft gear motor,True,1,"{""product"": ""gear motor""}"
ATS22 Softstarter Repair Service,True,1,"{""product"": ""repair service""}"
ac bus blower motor 24 v spal,True,1,"{""product"": ""ac bus""}"
dc motor 8 watt,True,1,"{""product"": ""8""}"
crompton-greaves-industrial-motors,True,1,"{""product"": ""crompton-greaves-industrial-motors""}"
bus  ac dual shaft 1330 RPM BLOWER FAN MOTOR,True,1,"{""product"": ""blower fan""}"
air  conditioning dual shaft 1330 RPM BLOWER FAN MOTOR,True,1,"{""product"": ""air conditioning""}"
Siemens Servo Motors,True,1,"{""product"": ""siemens servo motors""}"
Kitchen Chimney Motor,True,1,"{""product"": ""kitchen chimney motor""}"
SIEMENS SIMOTICS S-1FK2 SERVO MOTOR 1FK2106-4AF10-0MA0 2.7 kW,True,1,"{""product"": ""servo motor""}"
Slip Ring Motor,True,1,"{""product"": ""slip ring motor""}"
Break Motor,True,1,"{""product"": ""break motor""}"
3 phase 15hp motor starter,True,1,"{""product"": ""15hp motor""}"
DC Carbon,True,1,"{""product"": ""carbon""}"
external motor rotor die casting,True,1,"{""product"": ""motor rotor""}"
c 10 micro 2900 bldc moter,True,1,"{""product"": ""10""}"
extra power breaker 1 power tool armature,True,1,"{""product"": ""power breaker""}"
Gear Motor,True,1,"{""product"": ""gear motor""}"
Liquid Resistance Starter,True,1,"{""product"": ""liquid resistance starter""}"
a c blower motor spal,True,1,"{""product"": ""a c blower motor""}"
1HP Single Phase Godrej Lawkim Foot Mounted,True,1,"{""product"": ""1hp single phase""}"
Automatic Sliding Gate Motor,True,1,"{""product"": ""automatic sliding gate motor""}"
fcma soft starter,True,1,"{""product"": ""fcma soft starter""}"
three phase 1 mini dol automatic-switch,True,1,"{""product"": ""automatic-switch""}"
push button shutter motor,True,1,"{""product"": ""push button""}"
SIEMENS 1LE7501‑1BB23‑5AA4,True,0,{}
blower-motors,True,1,"{""product"": ""blower-motors""}"
Servo Motor Repairing Service,True,1,"{""product"": ""servo motor repairing service""}"
Petrosa Starter medium 200 Grams,True,1,"{""product"": ""200""}"
automatic switch,True,1,"{""product"": ""automatic switch""}"
Telescopic Linear Actuators,True,1,"{""product"": ""linear actuators""}"
speed on  outdoor motar,True,1,"{""product"": ""motar""}"
Motor Automatic Switch,True,1,"{""product"": ""motor automatic switch""}"
speed on outdoor motar,True,1,"{""product"": ""motar""}"
Crompton Greaves Flameproof IE3 Motor,True,1,"{""product"": ""crompton greaves""}"
a c blower motor spal 24v,True,1,"{""product"": ""a c blower motor""}"
brake motor,True,1,"{""product"": ""brake motor""}"
star-delta-starter,True,1,"{""product"": ""star-delta-starter""}"
deep vibrator motor,True,1,"{""product"": ""vibrator motor""}"
Hydromatik Rexroth A2F-12-Wp6 Hydraulic Piston Motor,True,1,"{""product"": ""hydraulic piston motor""}"
vibrator cover,True,1,"{""product"": ""cover""}"
Rotork Yt 3300 Smart Positioner,True,1,"{""product"": ""smart positioner""}"
Concrete Vibrator Motor,True,1,"{""product"": ""concrete vibrator motor""}"
blower motors in port blair,True,1,"{""product"": ""blower motors""}"
Hydromatik A2F-107 Hydraulic Piston Pump Motor,True,1,"{""product"": ""hydraulic piston pump""}"
"Rexroth A2Fo180, A2Fm180, A2Fo160, A2Fm160 Drive Shaft And Bearing Assembly 50Mm",True,1,"{""product"": ""bearing assembly""}"
Brueninghaus Hydromatik Rexroth A2Fm-28/61 Hydraulic Piston Motor,True,1,"{""product"": ""hydraulic piston motor""}"
parker hydraulic motor,True,1,"{""product"": ""parker hydraulic motor""}"
Kirloskar Three Phase Induction Motor,True,1,"{""product"": ""kirloskar three phase induction motor""}"
Three Phase Induction Motor,True,1,"{""product"": ""three phase induction motor""}"
Hanning Motor for Bentone Burner,True,1,"{""product"": ""bentone burner""}"
hyundai/kia clutch actuator,True,1,"{""product"": ""actuator""}"
Remi Centrifuge Carbon Brushes,True,1,"{""product"": ""remi centrifuge carbon brushes""}"
2hp motor,True,1,"{""product"": ""2hp motor""}"
aluminium die cast rotors,True,1,"{""product"": ""aluminium die cast rotors""}"
bhavani induction motor,True,1,"{""product"": ""induction motor""}"
DC Motor,True,1,"{""product"": ""dc motor""}"
Intermot hydro motors 800cc,True,1,"{""product"": ""hydro motors""}"
Mobile Starter,True,1,"{""product"": ""mobile starter""}"
SIEMENS SIMOTICS S-1FK2 SERVO MOTOR 1FK2204-5AK01-0MB0 0.12 kW,True,1,"{""product"": ""servo motor""}"
Single Phase Induction Motor,True,1,"{""product"": ""single phase induction motor""}"
5 watts motor rexnord rec-8313-05-a2,True,1,"{""product"": ""5""}"
AC Fan Motor,True,1,"{""product"": ""ac fan motor""}"
helical-geared-motor,True,1,"{""product"": ""helical-geared-motor""}"
three phase electric motor 20 hp 960 rpm,True,1,"{""product"": ""three phase electric motor""}"
three phase electric motor near agra 20 hp 960 rpm,True,1,"{""product"": ""three phase electric motor""}"
gsm mobile starter,True,1,"{""product"": ""gsm mobile starter""}"
Domestic Appliance Motors,True,1,"{""product"": ""domestic appliance""}"
schneider soft starter,True,1,"{""product"": ""schneider soft starter""}"
Door han,True,1,"{""product"": ""door""}"
linear-actuators,True,1,"{""product"": ""linear-actuators""}"
Motor Starter,True,1,"{""product"": ""motor starter""}"
Three Phase Electric Motor,True,1,"{""product"": ""three phase electric motor""}"
l t mpower pro mobile motor starter,True,1,"{""product"": ""l t""}"
Kenstar Air Cooler Motor With Pump,True,1,"{""product"": ""kenstar air cooler motor""}"
Three Phase Motor,True,1,"{""product"": ""three phase motor""}"
Pneumatic Actuators,True,1,"{""product"": ""pneumatic actuators""}"
Crane Duty Geared Motor With Brake,True,1,"{""product"": ""geared motor""}"
1000 n (100 kg) 1 100 mm 24 v telescopic linear actuators,True,1,"{""product"": ""1000""}"
Pneumatic Rotary Actuators,True,1,"{""product"": ""pneumatic rotary actuators""}"
Petrosa Starter medium,True,1,"{""product"": ""medium""}"
Pneumatic Rotary Actuator,True,1,"{""product"": ""pneumatic rotary actuator""}"
Shade Pole Rexnord c Frame Motor Rec-6110-A2,True,1,"{""product"": ""c frame motor""}"
dc motor bush,True,1,"{""product"": ""dc motor""}"
crompton motors 20 hp 3 phase 960 rpm,True,1,"{""product"": ""3 phase""}"
geared motors,True,1,"{""product"": ""geared motors""}"
ball screw or belt driven actuator,True,1,"{""product"": ""actuator""}"
Die Cast Rotors,True,1,"{""product"": ""die cast rotors""}"
Crompton Greaves Motor,True,1,"{""product"": ""crompton greaves motor""}"
automation switches,True,1,"{""product"": ""automation switches""}"
क्लीनर प्रोडक्ट के लिए केमिकल कहां मिलता है,True,0,{}
Aluminium Bell Housing,True,1,"{""product"": ""aluminium bell housing""}"
crompton motors 20 hp 3 phase near khair 960 rpm,True,1,"{""product"": ""3 phase""}"
SIEMENS 1FL6064-1AC61-2LA1 SIMOTICS S-1FL6-1FL6 Operating voltage 3AC 400 V,True,1,"{""product"": ""operating""}"
Danfoss/Eaton Char-Lynn 2000 series,True,1,"{""product"": ""series""}"
crompton greaves motors 20 hp 3 phase,True,1,"{""product"": ""3 phase""}"
Landt Motor Starter Mk1 Direct On Line (dol) (mk1 Dol 9-14 A.),True,1,"{""product"": ""direct""}"
fdhhdfh,True,0,{}
SIEMENS SIMOTICS S-1FK2 SERVO MOTOR  1FK2106-4AF01-1SA0 2.7 kW,True,1,"{""product"": ""servo motor""}"
Vibration Motor,True,1,"{""product"": ""vibration motor""}"
Remi Geared Motor,True,1,"{""product"": ""remi geared motor""}"
Tata Signa Bs4 Blower Motor,True,1,"{""product"": ""blower motor""}"
Allen Bradley SMC-3 43A Smart Motor starer,True,1,"{""product"": ""allen bradley""}"
skill-3220-armature-powerbilt(9683),True,0,{}
50W Wall Fan Motor,True,1,"{""product"": ""wall fan motor""}"
m9mz90g4yga panasonic gear motor /90watt/ three phase,True,1,"{""product"": ""panasonic gear motor""}"
ll braider soft starer,True,1,"{""product"": ""soft""}"
kollmorgen servo motors akm63k-anc2r-00,True,1,"{""product"": ""servo motors""}"
SIEMENS SIMOTICS S-1FK2 SERVO MOTOR 1FK2204-5AK01-1MB0 0.12 kW,True,1,"{""product"": ""servo motor""}"
Crane Current Collector Carbon Brush,True,1,"{""product"": ""crane current collector carbon brush""}"
Pneumatic Actuatos,True,1,"{""product"": ""pneumatic""}"
1440 rpm three phase 9841043643 3 hp crompton greaves motor,True,1,"{""product"": ""crompton greaves motor""}"
horse power,True,1,"{""product"": ""horse power""}"
Terminal plate,True,1,"{""product"": ""terminal plate""}"
dc brake motors in mumbai,True,1,"{""product"": ""dc brake motors""}"
hindustan ac motor,True,1,"{""product"": ""hindustan ac motor""}"
24 inch three phase 4 exhaust fan fibre,True,1,"{""product"": ""exhaust fan""}"
panasonic-ac-servo-motor,True,1,"{""product"": ""panasonic-ac-servo-motor""}"
three phase 1 piece 5 hp 2800 rpm 3.7 KW 5HP Crompton Greaves Motor 1500 rpm,True,1,"{""product"": ""5hp crompton greaves motor""}"
3 Phase Motor Starter,True,1,"{""product"": ""3 phase motor starter""}"
0.5 hp motor,True,1,"{""product"": ""0.5 hp motor""}"
ac-fan-motor,True,1,"{""product"": ""ac-fan-motor""}"
L&T Mpower Pro Mobile Motor Starter,True,1,"{""product"": ""mobile motor starter""}"
linear actuator purlin,True,1,"{""product"": ""linear actuator""}"
1 piece Allen Bradley Soft Starters,True,1,"{""product"": ""allen bradley soft starters""}"
SIEMENS SIMOTICS S-1FK2 SERVO MOTOR 1FK2210-3AB01-1SB0 4.5 kW,True,0,{}
dg geared motor,True,1,"{""product"": ""geared motor""}"
Alternator Stator Core,True,1,"{""product"": ""alternator stator core""}"
servo motors repairs,True,1,"{""product"": ""servo motors repairs""}"
Motor Carbon Brushes,True,1,"{""product"": ""motor carbon brushes""}"
Pmdc Stirrer Motor,True,1,"{""product"": ""stirrer motor""}"
dol-starter,True,1,"{""product"": ""dol-starter""}"
Fan Motor,True,1,"{""product"": ""fan motor""}"
Three Phase Motors Crompton Greaves,True,1,"{""product"": ""crompton greaves""}"
TR 7 25x50 Holder,True,1,"{""product"": ""7""}"
End Shield Cover,True,1,"{""product"": ""end shield cover""}"
three phase 3.7 kw crompton greaves induction motor,True,1,"{""product"": ""crompton greaves induction motor""}"
1 for business use piece 22 kw Allen Bradley 150-C43NBD SMC-3 Soft Starter 43A 480V 3-Phase 100-240V AC Control,True,1,"{""product"": ""1""}"
3.7 kw crompton greaves induction motor,True,1,"{""product"": ""crompton greaves induction motor""}"
Direct On Line Starter DOL Motor Starter (DMC),True,1,"{""product"": ""direct""}"
crompton greaves induction motor,True,1,"{""product"": ""crompton greaves induction motor""}"
three phase-motors,True,1,"{""product"": ""three phase-motors""}"
SIEMENS SIMOTICS S-1FK2 SERVO MOTOR 1FK2104-6AF10-0MB0,True,1,"{""product"": ""servo motor""}"
Stators,True,1,"{""product"": ""stators""}"
1 fan motor,True,1,"{""product"": ""fan motor""}"
Makita MT-958 Armature By PowerSpeed,True,1,"{""product"": ""armature""}"
SIEMENS SIMOTICS S-1FK2 SERVO MOTOR 1FK2106-4AF01-1MA0  2.7 kW,True,1,"{""product"": ""servo motor""}"
KOLLMORGEN Servo Motors,True,1,"{""product"": ""servo motors""}"
10 HP Transtech Gear Electric Motor,True,1,"{""product"": ""gear electric motor""}"
Hollow Shaft Type Incremental Rotary Encoder,True,1,"{""product"": ""hollow shaft""}"
Ti Motion Linear Actuator,True,1,"{""product"": ""linear actuator""}"
Rhino+12V+DC+30RPM+70Kgcm+IG32+Heavy+Duty+Planetary+Geared+Motor,True,0,{}
1FK2104-6AF10-0MB0,True,0,{}
dual shaft 1330 RPM BLOWER FAN MOTOR,True,1,"{""product"": ""blower fan""}"
Worm Geared Motor,True,1,"{""product"": ""worm geared motor""}"
3 Phase Electric Motor,True,1,"{""product"": ""3 phase electric motor""}"
linear 1 festo actuators,True,1,"{""product"": ""1""}"
FL57BLS01-24V-10000A- Regular BLDC Motor,True,1,"{""product"": ""bldc motor""}"
starter,True,1,"{""product"": ""starter""}"
motor starter controller,True,1,"{""product"": ""controller""}"
EG224 Grade DC Motor Carbon Brush,True,1,"{""product"": ""dc motor carbon brush""}"
mini motors,True,1,"{""product"": ""mini motors""}"
Air Vane Motor,True,1,"{""product"": ""air vane motor""}"
1 HP Impel VGGH25 Electric Motor,True,1,"{""product"": ""electric motor""}"
dc fan motor 15 20 watt,True,1,"{""product"": ""dc fan motor""}"
fan motor 25 30 watt,True,1,"{""product"": ""30""}"
3-phase-motor-starter,True,1,"{""product"": ""3-phase-motor-starter""}"
Electric Motors and Components,True,1,"{""product"": ""electric motors and components""}"
three phase l&t mpower pro mobile motor starter,True,1,"{""product"": ""mobile motor starter""}"
SIEMENS SIMOTICS S-1FK2 SERVO MOTOR 1FK2104-6AF10-0SB0 1 kW,True,0,{}
Motor Terminal Plate,True,1,"{""product"": ""motor terminal plate""}"
1 hp bench polisher motor,True,1,"{""product"": ""bench polisher motor""}"
Air Conditioner Motor,True,1,"{""product"": ""air conditioner motor""}"
partition frames for motor,True,1,"{""product"": ""partition frames""}"
FL28STH51-0674AF-Hybrid Stepper Motor,True,1,"{""product"": ""stepper motor""}"
Electrical carbon Brushes,True,1,"{""product"": ""electrical carbon brushes""}"
Vibratory Motor Foot Mounted,True,1,"{""product"": ""foot mounted""}"
Omp Series Orbital Motors,True,1,"{""product"": ""orbital motors""}"
Hydraulic Motor bmr,True,1,"{""product"": ""hydraulic motor""}"
25 Amp Motor Starter Fresh Material,True,1,"{""product"": ""fresh""}"
M S Hydraulic Motor,True,1,"{""product"": ""hydraulic motor""}"
Jyoti Motor Starter And Starter Oil Set,True,1,"{""product"": ""jyoti motor""}"
FL57BL01-24V-1500AD Brushless Motor,True,1,"{""product"": ""brushless motor""}"
MIG PMDC MOTOR 24V/42V,True,1,"{""product"": ""mig""}"
500 rpm mig pmdc motor 24v/42v,True,1,"{""product"": ""mig""}"
2 hp three phase motor,True,1,"{""product"": ""2 hp three phase motor""}"
Havells Electric Motor,True,1,"{""product"": ""havells electric motor""}"
2 200 w chimney motor,True,1,"{""product"": ""chimney motor""}"
Synchronous Motor,True,1,"{""product"": ""synchronous motor""}"
FL57BLB60 Regular BLDC Motor,True,1,"{""product"": ""bldc motor""}"
Cooler Motor 7 Sutt,True,1,"{""product"": ""7""}"
Vintage Industrial Motor,True,1,"{""product"": ""industrial motor""}"
fan-motors,True,1,"{""product"": ""fan-motors""}"
mig pmdc motor 24v 42v,True,1,"{""product"": ""mig""}"
Single Phase AC Synchronous Motor,True,1,"{""product"": ""single phase ac synchronous motor""}"
9607 HB / 9609 HB Makita Armature By PowerSpeed,True,1,"{""product"": ""armature""}"
parallel shaft helical geard motor,True,1,"{""product"": ""helical""}"
1 phase electric motor,True,1,"{""product"": ""electric motor""}"
Gsm Mobile Starter Pcb,True,1,"{""product"": ""gsm mobile starter""}"
shaded pole motors with fan,True,1,"{""product"": ""shaded pole motors""}"
Cooler Motor 1 Inch Kit (aluminium),True,1,"{""product"": ""cooler motor""}"
Autonic Shaft Encoder,True,1,"{""product"": ""shaft encoder""}"
door-motor,True,1,"{""product"": ""door-motor""}"
"200W AC Servo Brake Motor & Drive LSELM1S-0200DH60E-SS,   LSEL6-D400Z / LSELP-RS400Z(Analog Control)",True,1,"{""product"": ""brake motor""}"
65X50X25MM CARBON BRUSH,True,1,"{""product"": ""carbon brush""}"
shaded+pole+motors,True,1,"{""product"": ""shaded+pole+motors""}"
Shaded Pole Motors,True,1,"{""product"": ""shaded pole motors""}"
105 Wat Single Phase Cooler Motor,True,1,"{""product"": ""single phase cooler motor""}"
FL60STH65-2008AF Hybrid Stepper Motor,True,1,"{""product"": ""hybrid stepper motor""}"
FL42BLSL01- Regular BLDC Motor,True,1,"{""product"": ""bldc motor""}"
single phase cooler motor,True,1,"{""product"": ""single phase cooler motor""}"
4000w bldc motor / 4kw bldc motor for electric car / electric motor for gokart,True,1,"{""product"": ""bldc motor""}"
Mitsubishi Servo Motors,True,1,"{""product"": ""mitsubishi servo motors""}"
FL42STH60-0854AF- Hybrid Stepper Motor,True,1,"{""product"": ""hybrid stepper motor""}"
Single Phase Motor Starter,True,1,"{""product"": ""single phase motor starter""}"
170M7167-6500A,True,0,{}
Chimney Motor,True,1,"{""product"": ""chimney motor""}"
sewing-machine-motor-armature,True,1,"{""product"": ""sewing-machine-motor-armature""}"
amdo cooler motor,True,1,"{""product"": ""cooler motor""}"
hindustan,True,0,{}
crompton greaves vfdc,True,1,"{""product"": ""crompton greaves""}"
Carbon Brush Holder,True,1,"{""product"": ""carbon brush holder""}"
370W Electric Sliding Gate Motor,True,1,"{""product"": ""electric sliding gate motor""}"
foot cum flange mounted electric motor,True,1,"{""product"": ""foot cum flange mounted electric motor""}"
FL42BLSL02- Regular BLDC Motor,True,1,"{""product"": ""bldc motor""}"
Electro Pneumatic Valve Positioner,True,1,"{""product"": ""electro pneumatic valve positioner""}"
DC motor 5.5,True,1,"{""product"": ""dc motor""}"
B&R 8BVI0014HWS0.000-1 ACOPOS MULTI INVERTER MODULE I0014S,True,1,"{""product"": ""inverter""}"
Motor Rotor,True,1,"{""product"": ""motor rotor""}"
cooler kit motor,True,1,"{""product"": ""cooler kit motor""}"
inline helical geared motors,True,1,"{""product"": ""inline helical geared motors""}"
boparai auto switch pro,True,1,"{""product"": ""auto switch""}"
Carbon brush for AC HT Moter,True,1,"{""product"": ""carbon brush""}"
800 W Wet Dry Vacuum Cleaner Motors,True,1,"{""product"": ""dry vacuum cleaner motors""}"
FL57STH56-2504ACF-25-ARK Hybrid Stepper Motor,True,1,"{""product"": ""hybrid stepper motor""}"
FL57STH51-2804AF- Hybrid Stepper Motor,True,1,"{""product"": ""hybrid stepper motor""}"
90 watt ac geared motor,True,1,"{""product"": ""90 watt ac geared motor""}"
dwe4235 armature near udaipur,True,1,"{""product"": ""armature""}"
Electric Motor Starters,True,1,"{""product"": ""electric motor starters""}"
ytc make smart positioner,True,1,"{""product"": ""smart positioner""}"
PowerSpeed Armature For Makita 3501 N,True,1,"{""product"": ""armature""}"
arma texture,True,1,"{""product"": ""texture""}"
Single Phase Copper Slip Ring,True,1,"{""product"": ""copper slip ring""}"
Venex Motor Starter,True,1,"{""product"": ""motor starter""}"
Mobile+Starter+Prime,True,0,{}
havells motor,True,1,"{""product"": ""havells motor""}"
AC Fail and DC Fail,True,1,"{""product"": ""and""}"
SIEMENS SIMOTICS S-1FK2 SERVO MOTOR 1FK2104-4AK01-0MB0 0.06 kW,True,1,"{""product"": ""servo motor""}"
Aluminium Winding Cooler Fan Motor,True,1,"{""product"": ""cooler fan motor""}"
FL42STH33-0956AF- Hybrid Stepper Motor,True,1,"{""product"": ""hybrid stepper motor""}"
Mk 1 Dol Starter,True,1,"{""product"": ""mk 1 dol starter""}"
fhp motors,True,1,"{""product"": ""fhp motors""}"
laxmi 3 hp singal fase motors,True,1,"{""product"": ""3""}"
0502 exhaust fan motor,True,1,"{""product"": ""exhaust fan motor""}"
dual shaft 1300RPM BLOWER FAN MOTOR,True,1,"{""product"": ""blower fan""}"
105 W Alqer 16 Inch Super Cooler Motor,True,1,"{""product"": ""cooler motor""}"
FL60STH65-2804AF Hybrid Stepper Motor,True,1,"{""product"": ""hybrid stepper motor""}"
टेक्समो मोटर स्पेयर पार्ट्स,True,0,{}
Crompton 2hp Gf6834 Single Phase Electric Motor 1440 Rpm,True,1,"{""product"": ""single phase electric motor""}"
Bch Submersible Pump Starters,True,1,"{""product"": ""submersible pump starters""}"
SIEMENS SIMOTICS S-1FK2 SERVO MOTOR 1FK2104-6AF10-0SB0,True,1,"{""product"": ""servo motor""}"
AC Geared Motor,True,1,"{""product"": ""ac geared motor""}"
Crompton 2hp Gf6834 Single Phase Electric Motor,True,1,"{""product"": ""single phase electric motor""}"
SIEMENS SIMOTICS S-1FK2 SERVO MOTOR 1FK2106-4AF01-0SA0 2.7 kW,True,1,"{""product"": ""servo motor""}"
Ecoflam Burner Servo Motor,True,1,"{""product"": ""burner servo motor""}"
"Three Phase Motor,Lubi Pumps,Lubi Electrical Motor__I__m__",True,1,"{""product"": ""three phase""}"
VTV YN90-120 Motor,True,1,"{""product"": ""motor""}"
Electric Motors,True,1,"{""product"": ""electric motors""}"
induction motor,True,1,"{""product"": ""induction motor""}"
60W Desert Cooler Motor,True,1,"{""product"": ""desert cooler motor""}"
FL42STH47-1684AF-08- Hybrid Stepper Motor,True,1,"{""product"": ""hybrid stepper motor""}"
electronic-starter,True,1,"{""product"": ""electronic-starter""}"
FL42STH38-1684AF Hybrid Stepper Motor,True,1,"{""product"": ""hybrid stepper motor""}"
Lubi LGH90GF50H15K Gare Motor,True,1,"{""product"": ""gare""}"
1FK2104-6AF10-0SB0,True,0,{}
Ml 2 Dol Starter,True,1,"{""product"": ""dol starter""}"
siemens electric ac motor 75 hp 1440 rpm,True,1,"{""product"": ""electric ac motor""}"
Vishal 8al2 Air Cooler Motor,True,1,"{""product"": ""air cooler motor""}"
ELLDO cooler motor,True,1,"{""product"": ""cooler motor""}"
CP - 101 ACTUATOR,True,1,"{""product"": ""actuator""}"
DZ Gear Motor Brushed DC Motor,True,1,"{""product"": ""brushed dc motor""}"
dual shaft blower fan motor,True,1,"{""product"": ""blower fan""}"
220 v dual shaft BLOWER FAN MOTOR,True,1,"{""product"": ""blower fan""}"
220  v 1 dual shaft BLOWER FAN MOTOR,True,1,"{""product"": ""blower fan""}"
"Crompton 2hp Gf6834 Single Phase Electric Motor, 1440 rpm",True,1,"{""product"": ""single phase""}"
"AT12 Single Chain Actuator, 425mm Stroke - Window Automation",True,1,"{""product"": ""chain""}"
"SECO N 24 25 Single Chain Actuator, 250/350mm Stroke - Window Automation",True,1,"{""product"": ""chain""}"
Siemens Raja+ Direct On Line Starters,True,1,"{""product"": ""direct""}"
SIEMENS SIMOTICS S-1FK2 SERVO MOTOR 1FK2104-6AF10-1MB0 1 kW,True,0,{}
cg cooler motor,True,1,"{""product"": ""cooler motor""}"
Makita 9047 Armature By PowerSpeed,True,1,"{""product"": ""armature""}"
Electric Motor Housing,True,1,"{""product"": ""electric motor""}"
Vibro Sifter Vibratory Motors,True,1,"{""product"": ""vibro sifter vibratory motors""}"
FL28STH45-0674A - Hybrid Stepper Motor,True,1,"{""product"": ""hybrid stepper motor""}"
Single Phase D.C. Motor,True,1,"{""product"": ""d.c. motor""}"
electric torque,True,1,"{""product"": ""electric""}"
Godrej Lawkim Ac Motors,True,1,"{""product"": ""godrej lawkim ac motors""}"
dual shaft FAN MOTOR,True,1,"{""product"": ""fan motor""}"
Crompton Electric Motor,True,1,"{""product"": ""crompton electric motor""}"
Mini Fan Motor,True,1,"{""product"": ""mini fan motor""}"
3d minuture,True,0,{}
Electric Motor with Gear,True,1,"{""product"": ""electric motor""}"
FL28STH45-0674AF-14 - Hybrid Stepper Motor,True,1,"{""product"": ""hybrid stepper motor""}"
mixer-grinder-motor,True,1,"{""product"": ""mixer-grinder-motor""}"
Sew-eurodrive servo Motor cmp50m/pk/vr/rh1m/sm1,True,1,"{""product"": ""servo motor""}"
"Sew-eurodrive ,servo Motor ,cmp50m/pk/vr/rh1m/sm1",True,1,"{""product"": ""motor""}"
vane pneumatic actuator,True,1,"{""product"": ""pneumatic actuator""}"
Flange Mounted Motor,True,1,"{""product"": ""flange mounted motor""}"
FL57STH56-2504ACF-25 - Hybrid Stepper Motor,True,1,"{""product"": ""hybrid stepper motor""}"
FL57STH56-2804AF-01- Hybrid Stepper Motor,True,1,"{""product"": ""hybrid stepper motor""}"
MU2 Dol Motor Starter,True,1,"{""product"": ""dol motor starter""}"
power tool cm4,True,1,"{""product"": ""power tool""}"
power tool near delhi cm4,True,1,"{""product"": ""delhi""}"
crompton-motors,True,1,"{""product"": ""crompton-motors""}"
Voltas AC Outdoor Fan Motor,True,1,"{""product"": ""ac outdoor fan motor""}"
Makita MT-950 Armature By PowerSpeed,True,1,"{""product"": ""armature""}"
1500 cfm FAN MOTOR,True,1,"{""product"": ""fan motor""}"
230v apex cool 410w exhaust fan motor,True,1,"{""product"": ""exhaust fan motor""}"
FL57STH76-2504ACF-ARK Hybrid Stepper Motor,True,1,"{""product"": ""hybrid stepper motor""}"
Clogging Test,True,1,"{""product"": ""clogging""}"
SIEMENS SIMOTICS S-1FK2 SERVO MOTOR 1FK2104-6AF10-1MB0,True,1,"{""product"": ""servo motor""}"
crompton motor 1 hp,True,1,"{""product"": ""motor 1 hp""}"
crompton motor near tinsukia 1 hp,True,1,"{""product"": ""1 hp""}"
motorized pulley drum motor,True,1,"{""product"": ""drum motor""}"
crompton motor,True,1,"{""product"": ""crompton motor""}"
Belimo Damper Fire Actuator,True,1,"{""product"": ""actuator""}"
e42 90w 2850/3450rpm motor single phase,True,1,"{""product"": ""motor""}"
Slip Ring Assemblies,True,1,"{""product"": ""slip ring assemblies""}"
Siemens DOL Starter,True,1,"{""product"": ""siemens dol starter""}"
pmdc gear motor 0-25-hp 25-200rpm 12-180volt,True,1,"{""product"": ""pmdc gear motor""}"
Vertical Motors,True,1,"{""product"": ""vertical motors""}"
PowerSpeed Armature For Makita 9500 NB,True,1,"{""product"": ""armature""}"
side shaft gear motor,True,1,"{""product"": ""gear motor""}"
FEBRICATION BLOWER 1HP SINGLE PHASE,True,1,"{""product"": ""1hp single phase""}"
a40k/m566w/g7.2 (60 square pl gear),True,1,"{""product"": ""square""}"
1400 rpm single phase 230 v flange mounted 230v apex cool 410w exhaust fan motor,True,1,"{""product"": ""exhaust fan motor""}"
crompton 10 hp motor,True,1,"{""product"": ""10 hp motor""}"
foot mounting 1 piece 1440 rpm Single Phase Motors,True,1,"{""product"": ""1 piece""}"
ABB Servo Motors,True,1,"{""product"": ""abb servo motors""}"
20 HP Three Phase Electric Motor,True,1,"{""product"": ""three phase electric motor""}"
1FK2104-6AF10-1MB0,True,0,{}
SIEMENS SIMOTICS S-1FK2 SERVO MOTOR 1FK2106-4AF01-0MA0 2.7 kW,True,1,"{""product"": ""servo motor""}"
mil 37 38 diaphragm actuators,True,1,"{""product"": ""actuators""}"
Petrosa starter mini 1 KG,True,1,"{""product"": ""1 kg""}"
BRUSHLESS MOTOR DYS 1800KV,True,1,"{""product"": ""brushless motor""}"
Petrosa starter mini 1KG,True,1,"{""product"": ""1kg""}"
Petrosa starter mini 3 KG,True,1,"{""product"": ""3""}"
Petrosa starter mini 3KG,True,1,"{""product"": ""mini""}"
Weishaupt Burner Servo Motor,True,1,"{""product"": ""weishaupt burner servo motor""}"
Petrosa starter mini 8 KG,True,1,"{""product"": ""8""}"
Petrosa starter mini 8KG,True,1,"{""product"": ""mini""}"
apex cool 410w single phase exhaust fan motor,True,1,"{""product"": ""single phase exhaust fan motor""}"
danfoss original brand new h1b80/h1b110 motor,True,1,"{""product"": ""brand""}"
3 HP Three Phase Induction Motor 960 Rpm,True,1,"{""product"": ""3 hp three phase induction motor""}"
gpn gear motor,True,1,"{""product"": ""gear motor""}"
Dol Motor Starters,True,1,"{""product"": ""dol motor starters""}"
Oil Starter Magnet Call,True,1,"{""product"": ""call""}"
AC MOTAR,True,1,"{""product"": ""ac motar""}"
SIEMENS SIMOTICS S-1FK2 SERVO MOTOR 1FK2204-5AK01-1SB0 0.57 kW,True,0,{}
SIEMENS SIMOTICS S-1FK2 SERVO MOTOR 1FK2104-4AK01-0SB0 0.06 kW,True,1,"{""product"": ""servo motor""}"
50HP Abb Electric Motor,True,1,"{""product"": ""abb electric motor""}"
10 hp crompton motor,True,1,"{""product"": ""crompton motor""}"
PowerSpeed Armature for Gsh-500 Bosch,True,1,"{""product"": ""armature""}"
SIEMENS SINAMICS S200 Servo Motor 1FL2306-4AC01-0HB0 0.1 kW,True,1,"{""product"": ""servo motor""}"
helical gear motor,True,1,"{""product"": ""helical gear motor""}"
3330601 Cummins Electronic Fuel Control Actuator,True,1,"{""product"": ""cummins electronic fuel control actuator""}"
Stepper Motor,True,1,"{""product"": ""stepper motor""}"
desert type copper 32 mm 1 cooler motor,True,1,"{""product"": ""cooler motor""}"
9067/9069 Makita Armature By PowerSpeed,True,1,"{""product"": ""armature""}"
1 2 hp 775 12 v rs775 10000rpm 12v dc motor,True,1,"{""product"": ""12v dc motor""}"
5hp 3phase motor,True,1,"{""product"": ""3phase motor""}"
Bharat Benz Aluminium Housing,True,1,"{""product"": ""aluminium housing""}"
lubi three phase induction motors,True,1,"{""product"": ""lubi three phase induction motors""}"
Crane Geared Brake Motor,True,1,"{""product"": ""crane geared""}"
1400 rpm single phase 230 v 230v apex cool 410w single phase exhaust fan motor,True,1,"{""product"": ""single phase exhaust fan motor""}"
12v dc motor,True,1,"{""product"": ""12v dc motor""}"
1400 rpm 230 v apex cool 410w single phase exhaust fan motor,True,1,"{""product"": ""single phase exhaust fan motor""}"
Suguna Motor Starter,True,1,"{""product"": ""motor starter""}"
reverse forward 3 phase 20 3 hp starters,True,1,"{""product"": ""3 phase""}"
SIEMENS SIMOTICS S-1FK2 SERVO MOTOR 1FK2210-3AC01-0MB0 5.5 kW,True,0,{}
rexroth servo drive,True,1,"{""product"": ""rexroth servo drive""}"
Valve Positioners,True,1,"{""product"": ""valve positioners""}"
FOOT Mounted Motor (model Gf 6834),True,1,"{""product"": ""foot mounted motor""}"
1400 rpm apex cool 410w single phase exhaust fan motor,True,1,"{""product"": ""single phase exhaust fan motor""}"
Motor Stater,True,1,"{""product"": ""motor stater""}"
Paragon Motor Starter,True,1,"{""product"": ""paragon motor starter""}"
UR006G XGT Brushless Motor Active Feedback Sensing,True,1,"{""product"": ""active""}"
schubert and salzer positioner,True,1,"{""product"": ""and""}"
polisher-motor,True,1,"{""product"": ""polisher-motor""}"
Electric Vibratory Motor,True,1,"{""product"": ""electric vibratory motor""}"
Abb Electric Motor 50hp 1500 Rpm,True,1,"{""product"": ""abb electric motor""}"
SIEMENS SIMOTICS S-1FK2 1FK2106-4AF11-1SA0  servo motor 2.7 kW,True,1,"{""product"": ""servo motor""}"
Siemens Face Mounted Induction Motor,True,1,"{""product"": ""induction motor""}"
5 HP Three Phase Motor,True,1,"{""product"": ""5 hp three phase motor""}"
APEX COOL 410W MOTOR,True,1,"{""product"": ""apex""}"
Motar Starter,True,1,"{""product"": ""motar starter""}"
Siemens 7.5 KW 2 HP Electric Motor,True,1,"{""product"": ""2 hp electric motor""}"
Unbalance Vibratory Motors,True,1,"{""product"": ""unbalance vibratory motors""}"
Sew Brake Motor,True,1,"{""product"": ""brake motor""}"
ABB Three Phase Induction Motor,True,1,"{""product"": ""abb three phase induction motor""}"
Oriental motor,True,1,"{""product"": ""oriental motor""}"
3 phase auto starter,True,1,"{""product"": ""3 phase""}"
Type 200 17 Inch Copper Exhaust Fan Motor,True,1,"{""product"": ""copper exhaust fan motor""}"
Openable Gate Motor,True,1,"{""product"": ""gate motor""}"
hollow shaft encoder,True,1,"{""product"": ""hollow shaft encoder""}"
pbl-right-angled-helical-bevel-geared-motor,True,0,{}
SIEMENS SIMOTICS S-1FK2 SERVO MOTER 1FK2106-4AF00-1MA0 2.7 kW,True,1,"{""product"": ""servo moter""}"
SIEMENS SIMOTICS S-1FK2 SERVO MOTOR 1FK2106-4AF00-1SA0  2.7 kW,True,1,"{""product"": ""servo motor""}"
"Foredom Flex Shaft Motor, Foredom Dental Motor, Art &Amp; Craft",True,1,"{""product"": ""flex""}"
lift-motor,True,1,"{""product"": ""lift-motor""}"
aira mild steel pneumatic rotary actuator,True,1,"{""product"": ""mild steel""}"
flange type 25 hp motor,True,1,"{""product"": ""hp motor""}"
3 phase dol motor starter,True,1,"{""product"": ""3 phase dol motor starter""}"
Siemens Three Phase Electric Motor,True,1,"{""product"": ""siemens three phase electric motor""}"
Lubi Electrical Motor,True,1,"{""product"": ""lubi electrical motor""}"
Moter stater,True,1,"{""product"": ""moter""}"
"HUMSER 12V 10RPM, 24V 20RPM High Torque Shaft Self-Lock Engine DC Micro Gear Motor With Brass Pully",True,1,"{""product"": ""dc micro gear motor""}"
geared motor,True,1,"{""product"": ""geared motor""}"
2285625342 statorhv 2030,True,0,{}
slipring motor,True,1,"{""product"": ""slipring motor""}"
SIEMENS SIMOTICS S-1FK2 SERVO MOTOR 1FK2204-5AK10-0SB0 0.12 kW,True,1,"{""product"": ""servo motor""}"
Kisrloskar Motar,True,1,"{""product"": ""motar""}"
Gate Motor,True,1,"{""product"": ""gate motor""}"
vibratory motor,True,1,"{""product"": ""vibratory motor""}"
270Hp Siemens Motor,True,1,"{""product"": ""siemens motor""}"
bft deimos bt a600 gate motor,True,1,"{""product"": ""gate motor""}"
Panasonic Servo Motor MHMF042L1U2M  400Watt,True,1,"{""product"": ""panasonic servo motor""}"
"3000 rpm Siemens 1FL6062-1AC61-0AA1 Servo Motor, 1.00 kW, 400V",True,1,"{""product"": ""servo""}"
fv5029 010,True,0,{}
SIEMENS SIMOTICS S-1FK2 SERVO MOTOR 1FK2204-5AK01-0SB0 0.57 kW,True,0,{}
"""fv5029-010""",True,0,{}
DC Motor Carbon Brushes,True,1,"{""product"": ""dc motor carbon brushes""}"
Three Phase Dol Motor Starter,True,1,"{""product"": ""three phase dol motor starter""}"
three phase 2800 rpm 2 0.25 hp electric vibro motor,True,1,"{""product"": ""electric vibro motor""}"
Motor Encoder,True,1,"{""product"": ""motor encoder""}"
macwell brand motor,True,1,"{""product"": ""brand motor""}"
macwel brand motor,True,1,"{""product"": ""brand motor""}"
gearmoter,True,0,{}
3 phase 40 hp oil starter,True,1,"{""product"": ""3 phase""}"
my cool star,True,1,"{""product"": ""cool star""}"
DC Shunt Motor,True,1,"{""product"": ""dc shunt motor""}"
Cooler Motor 1 Inch,True,1,"{""product"": ""cooler motor""}"
Stirrer Motor,True,1,"{""product"": ""stirrer motor""}"
Acurater plate,True,1,"{""product"": ""plate""}"
Weg- Germany 2880RPM Motor,True,1,"{""product"": ""motor""}"
pump-starter,True,1,"{""product"": ""pump-starter""}"
2283752193 motor6v 20a,True,0,{}
Fanuc AC Servo Motor 0.35kW 6000 A06B-0115-B103 and Pulsecoder,True,1,"{""product"": ""fanuc ac servo motor""}"
PowerSpeed Armature For 9005 N Makita,True,1,"{""product"": ""armature""}"
Crompton Motor 10 HP 960 Rpm,True,1,"{""product"": ""crompton motor""}"
Blower Motors,True,1,"{""product"": ""blower motors""}"
three phase 2800 rpm 2 0.25 hp single phase vibro motors,True,1,"{""product"": ""single phase vibro motors""}"
AC Induction Motor,True,1,"{""product"": ""ac induction motor""}"
Siemens 1440RPM Three Phase Flange Motor,True,1,"{""product"": ""three phase flange motor""}"
Havells Induction Motors,True,1,"{""product"": ""havells induction motors""}"
cast iron general,True,1,"{""product"": ""cast iron""}"
AC Motor,True,1,"{""product"": ""ac motor""}"
20 hp motor,True,1,"{""product"": ""20 hp motor""}"
rs 555 high speed dc motor 5000rpm,True,1,"{""product"": ""rs 555 high speed dc motor""}"
dc ware,True,1,"{""product"": ""dc""}"
ABB 50 HP Three Phase Electric Motors,True,1,"{""product"": ""three phase electric motors""}"
electric-actuator,True,1,"{""product"": ""electric-actuator""}"
dc 12v gear motor,True,1,"{""product"": ""gear motor""}"
CG make  electric motor,True,1,"{""product"": ""electric motor""}"
1le7501‑1bb23‑5aa4,True,0,{}
brush for electronics,True,1,"{""product"": ""brush""}"
SIEMENS SIMOTICS S-1FK2  SERVO MOTOR 1FK2104-6AF11-0MB0 1 kW,True,0,{}
power-tool-carbon-brush,True,1,"{""product"": ""power-tool-carbon-brush""}"
thrive architect latest version,True,1,"{""product"": ""architect""}"
Kirloskar make electric motor,True,1,"{""product"": ""electric motor""}"
SIMOTICS S synchronous motor 1FK7 1FK7081-3BF71-1RB1,True,1,"{""product"": ""synchronous motor""}"
Hindustan Geared Motors,True,1,"{""product"": ""geared motors""}"
vibro shift motor,True,1,"{""product"": ""motor""}"
Steper Motor,True,1,"{""product"": ""steper motor""}"
bonfiglioli riduttori motor be71-b4 230/400-50 ip55 clf b5,True,1,"{""product"": ""bonfiglioli""}"
Stater,True,1,"{""product"": ""stater""}"
Motor 160kw,True,1,"{""product"": ""motor""}"
Bharat Bijlee Electric Motor,True,1,"{""product"": ""bharat bijlee electric motor""}"
75 HP Crompton Industrial Motors,True,1,"{""product"": ""crompton industrial motors""}"
Double Motor Vacuum Cleaner,True,1,"{""product"": ""double motor vacuum cleaner""}"
synchronous-motor,True,1,"{""product"": ""synchronous-motor""}"
C Beam Linear Actuator,True,1,"{""product"": ""c beam""}"
Siemens Make Electric Motor,True,1,"{""product"": ""electric motor""}"
Abb Make Electric Motor,True,1,"{""product"": ""abb make electric motor""}"
5r/min 1.5w 50/60hz motor,True,1,"{""product"": ""motor""}"
Direct Drive Motor For Juki,True,1,"{""product"": ""direct drive motor""}"
5hp flour mill motor,True,1,"{""product"": ""flour mill motor""}"
Alternator Carbon Brush,True,1,"{""product"": ""alternator carbon brush""}"
5hp motor,True,1,"{""product"": ""5hp motor""}"
Vane Type Hydraulic Motor,True,1,"{""product"": ""vane type hydraulic motor""}"
Crompton Industrial Motors 75 hp,True,1,"{""product"": ""crompton industrial motors""}"
11KW Kirloskar Electric Motor,True,1,"{""product"": ""kirloskar electric motor""}"
3 phase 2 piece l&t Motor Starter,True,1,"{""product"": ""l&t motor starter""}"
DOL STRTERS,True,1,"{""product"": ""dol""}"
ng80,True,0,{}
general electric sfk01,True,1,"{""product"": ""general electric""}"
Heavy Duty Rotary Air Motor,True,1,"{""product"": ""air motor""}"
ac motor indoor,True,1,"{""product"": ""ac motor""}"
SIEMENS SIMOTICS S-1FK2 SERVO MOTOR 1FK2106-4AF00-0SA0 2.7 kW,True,1,"{""product"": ""servo motor""}"
dc-motor-spare,True,1,"{""product"": ""dc-motor-spare""}"
Motor Parts,True,1,"{""product"": ""motor parts""}"
वाइब्रो शिफ्ट मोटर,True,0,{}
Marathon Electric Motor,True,1,"{""product"": ""marathon electric motor""}"
Shakti Dol Starter,True,1,"{""product"": ""dol starter""}"
2 HP single phase,True,1,"{""product"": ""hp""}"
6ik180gu 240 w motor,True,1,"{""product"": ""motor""}"
Telemetry Encoder Unit,True,1,"{""product"": ""encoder""}"
dc-geared-motor,True,1,"{""product"": ""dc-geared-motor""}"
Motorized Actuators,True,1,"{""product"": ""motorized actuators""}"
Dc Brake For Electric Motor,True,1,"{""product"": ""dc brake""}"
desert type aluminum 32 mm 1 inch kit cooler motor,True,1,"{""product"": ""cooler motor""}"
1.5 kw crompton single phase motor,True,1,"{""product"": ""crompton single phase motor""}"
ac motor 20w,True,1,"{""product"": ""ac motor""}"
Dc fan motor,True,1,"{""product"": ""dc fan motor""}"
ac motor 10w,True,1,"{""product"": ""ac motor""}"
10hp motor,True,1,"{""product"": ""10hp motor""}"
6FC5357-0BA11-1AE0,True,0,{}
Indigo Self Armature,True,1,"{""product"": ""self armature""}"
leadshine l7 series servo ac servo motor,True,1,"{""product"": ""ac servo motor""}"
SIEMENS SIMOTICS S-1FK2 SERVO MOTOR 1FK2204-5AK10-0MB0 0.57 kW,True,0,{}
10m3flow rate 30 mtr headpumpwith motor,True,1,"{""product"": ""30""}"
Traction Motor,True,1,"{""product"": ""traction motor""}"
Leadshine L7 Series 750W AC Servo Motor and Driver Kit,True,1,"{""product"": ""ac servo motor""}"
Dol Motor Starters Paragon,True,1,"{""product"": ""dol motor starters""}"
SIEMENS SIMOTICS S-1FK2  SERVO MOTOR 1FK2104-6AF11-0MB0,True,1,"{""product"": ""servo motor""}"
3 phase motor start,True,1,"{""product"": ""3 phase motor""}"
oil-filled 3 hp 25 single phase motor starter,True,1,"{""product"": ""single phase motor starter""}"
SMC Electric Actuator,True,1,"{""product"": ""smc electric actuator""}"
1FK2104-6AF11-0MB0,True,0,{}
digital dol starter,True,1,"{""product"": ""dol starter""}"
Slider Type Electric Actuator,True,1,"{""product"": ""electric actuator""}"
seedprod latest version,True,1,"{""product"": ""latest""}"
Siemens 75 HP Foot Mounted Electric Motors,True,1,"{""product"": ""foot mounted electric motors""}"
Grow art 3 phase hybrid,True,1,"{""product"": ""3 phase""}"
gbru 1 min auto switch,True,1,"{""product"": ""auto switch""}"
SIEMENS SIMOTICS S-1FK2 SERVO  MOTOR 1FK2106-4AF00-0MA0 2.7 kW,True,1,"{""product"": ""servo motor""}"
armature,True,1,"{""product"": ""armature""}"
ecma-ca1010ss delta servo motor,True,1,"{""product"": ""delta servo motor""}"
table fan motor,True,1,"{""product"": ""table fan motor""}"
20W ALUMINUM HOUSING,True,1,"{""product"": ""aluminum housing""}"
motor panvel,True,1,"{""product"": ""motor""}"
40 HP  Siemens Electric Motors,True,1,"{""product"": ""siemens electric motors""}"
hindustan package,True,1,"{""product"": ""hindustan package""}"
Electric Sliding Gate Motor,True,1,"{""product"": ""electric sliding gate motor""}"
800 RPM Electric Sliding Gate Motor,True,1,"{""product"": ""electric sliding gate motor""}"
HF-SP152 servo motor mitsubishi,True,1,"{""product"": ""mitsubishi""}"
1000 RPM Electric Sliding Gate Motor,True,1,"{""product"": ""electric sliding gate motor""}"
Gear and Vane Motors,True,1,"{""product"": ""and""}"
high power mini dc water motors project,True,1,"{""product"": ""high power""}"
high power mini dc water motors for project near badlapur,True,1,"{""product"": ""high power""}"
775 dc motor bihpuri,True,1,"{""product"": ""775 dc motor""}"
775 dc motor near agra bichpuri,True,1,"{""product"": ""775 dc motor""}"
24v dc coffee machine motor,True,1,"{""product"": ""coffee machine""}"
Crompton Geared Motor,True,1,"{""product"": ""geared motor""}"
l&t three phase motor starter,True,1,"{""product"": ""l&t three phase motor starter""}"
Servo Motor & Variac Motor,True,1,"{""product"": ""motor & variac""}"
Siemens Electric Motors 40 Hp,True,1,"{""product"": ""hp""}"
3 phase motor starter without oil automatic,True,1,"{""product"": ""3 phase motor starter""}"
3 phase motor starter near jodhpur without oilautomatic,True,1,"{""product"": ""3 phase motor starter""}"
HP400 Siemens Motor,True,1,"{""product"": ""siemens motor""}"
Flange Motors,True,1,"{""product"": ""flange motors""}"
Sew Eurodrive CMP50M AC Synchronous Motor,True,1,"{""product"": ""ac synchronous motor""}"
2 hp flange motor,True,1,"{""product"": ""flange motor""}"
3 phase motor starter oil free automatic,True,1,"{""product"": ""3 phase motor starter""}"
3 phase motor starter near jodhpur oil freee automatic,True,1,"{""product"": ""3 phase motor starter""}"
ABB MOTOR 200KW 270HP 1500RPM FOOT IE2,True,1,"{""product"": ""abb motor""}"
bonfiglioli brake motor,True,1,"{""product"": ""brake motor""}"
1 piece ABB Soft Starters,True,1,"{""product"": ""1 piece""}"
kenstar desert air cooler motor,True,1,"{""product"": ""desert air cooler motor""}"
Marathon 1hp motor single phase,True,1,"{""product"": ""1hp motor""}"
Make - Marathon 1hp motor single phase,True,1,"{""product"": ""1hp motor""}"
Vibro Sifter Motor,True,1,"{""product"": ""vibro sifter motor""}"
kirloskar electric motor 10 hp 960 rpm,True,1,"{""product"": ""kirloskar electric motor""}"
desert cooler motor,True,1,"{""product"": ""desert cooler motor""}"
Exhaust Fan Motor,True,1,"{""product"": ""exhaust fan motor""}"
nord gearbox spares,True,1,"{""product"": ""gearbox spares""}"
MGM Varvel Brake Motor,True,1,"{""product"": ""brake motor""}"
AC Electric Motor,True,1,"{""product"": ""ac electric motor""}"
Motor Starter .,True,1,"{""product"": ""motor starter""}"
c&s dol starter 15hp,True,1,"{""product"": ""dol starter""}"
c&s dol starter 15hp near delhi,True,1,"{""product"": ""delhi""}"
10w deep freezer motor,True,1,"{""product"": ""deep freezer motor""}"
bell crack assembly,True,1,"{""product"": ""assembly""}"
Simensh Hp400 Rpm1440,True,0,{}
StarDental Starter,True,1,"{""product"": ""starter""}"
Start Dental Starter,True,1,"{""product"": ""dental""}"
Explosion Proof Electric Motor,True,1,"{""product"": ""electric motor""}"
Industrial dc motor,True,1,"{""product"": ""industrial dc motor""}"
High Torque Square Geared Motor,True,1,"{""product"": ""high torque square geared motor""}"
सर्वो मोटर सप्लायर,True,0,{}
borewell 2h starter,True,1,"{""product"": ""borewell""}"
SIEMENS SIMOTICS S-1FK2 SERVO MOTER 1FK2106-3AF11-1SA0 2.3 kW,True,1,"{""product"": ""servo moter""}"
Crompton Induction Motors,True,1,"{""product"": ""crompton induction motors""}"
nema 17 0.9 degree,True,0,{}
ABB Auto- Lek Ail 94022 A Solenoid Switch,True,1,"{""product"": ""auto- lek""}"
Three phase,True,1,"{""product"": ""three phase""}"
nema 17 0.9 degree 22mm lenth,True,0,{}
New Series Allen Bradley Soft Starter,True,1,"{""product"": ""allen bradley soft starter""}"
1 for business use piece ABB Soft Starters,True,1,"{""product"": ""1""}"
bolero ac motor,True,1,"{""product"": ""ac motor""}"
150c43nbd smc3 soft starter,True,1,"{""product"": ""soft starter""}"
lt mk1 dol motor starter,True,1,"{""product"": ""lt mk1 dol motor starter""}"
Eaton Orbital Motor,True,1,"{""product"": ""orbital motor""}"
automatic gate motor,True,1,"{""product"": ""automatic gate motor""}"
Door Motor .,True,1,"{""product"": ""door motor""}"
23a paramoon motor starter,True,1,"{""product"": ""motor starter""}"
electrical motor for boats,True,1,"{""product"": ""electrical motor""}"
SIEMENS SIMOTICS S-1FK2  SERVO MOTOR 1FK2104-5AF00-1SB0 0.75 kW,True,0,{}
"Absolute Shaft Encoder, Series ENA 8 / 13",True,1,"{""product"": ""shaft""}"
Permanent Magnet. tech,True,1,"{""product"": ""permanent magnet.""}"
INVT Servo Motor,True,1,"{""product"": ""invt servo motor""}"
1.5 KW Halcyon Three Phase Induction Motor,True,1,"{""product"": ""three phase induction motor""}"
5 sliding piece 800 kg Gate Motor,True,1,"{""product"": ""gate motor""}"
Synchronous Transformer,True,1,"{""product"": ""synchronous""}"
FHP Motor,True,1,"{""product"": ""fhp motor""}"
5HP Single Phase Buffing Machine Motor,True,1,"{""product"": ""buffing machine""}"
Motor Brakes,True,1,"{""product"": ""motor brakes""}"
1hp three phase ac vibration motor,True,1,"{""product"": ""three phase""}"
Explosion Proof Motors,True,1,"{""product"": ""explosion proof motors""}"
Aei/Marathon Motor Brush Holder,True,1,"{""product"": ""motor brush holder""}"
75 Hp Induction Motor,True,1,"{""product"": ""induction motor""}"
Squirrel Cage Motors,True,1,"{""product"": ""squirrel cage motors""}"
Pneumatic Diaphragm Actuator,True,1,"{""product"": ""pneumatic diaphragm actuator""}"
3 phase motor starter oil free,True,1,"{""product"": ""3 phase motor starter""}"
3 phase motor starter near jodhpur oil free,True,1,"{""product"": ""3 phase motor starter""}"
12 Inch 3000W Scooter Brushless DC Wheel Hub Motor Controller,True,1,"{""product"": ""hub motor""}"
helical geared motor 2hp,True,1,"{""product"": ""helical geared motor""}"
helical geared motor 2hp near hyderabad,True,1,"{""product"": ""helical geared motor""}"
deep electricals vibrator motor,True,1,"{""product"": ""electricals vibrator motor""}"
Single Phase Digital Motor Starter,True,1,"{""product"": ""single phase digital motor starter""}"
motor starter spark,True,1,"{""product"": ""motor starter""}"
Copper Carbon Brush For Slipring Motor,True,1,"{""product"": ""copper carbon brush""}"
750 rpm 1 0.18 kw marathon electric motor,True,1,"{""product"": ""marathon electric motor""}"
Moving Magnetic Linear Motor,True,1,"{""product"": ""linear motor""}"
Abb Used Ac Motors,True,1,"{""product"": ""used ac motors""}"
5 In 1 Magic Brush,True,1,"{""product"": ""5""}"
Bonfiglioli A Series Gear Motor,True,1,"{""product"": ""gear motor""}"
Industrial Electric Motor,True,1,"{""product"": ""industrial electric motor""}"
High Speed Motor,True,1,"{""product"": ""high speed motor""}"
"7.5 kw 10 hp havells induction motor, 1440 rpm",True,1,"{""product"": ""havells induction""}"
Industrial%20Motors,True,0,{}
Industrial%20Electric Motor,True,1,"{""product"": ""motor""}"
SIMOTICS 1FK7 1FK7043-4CH7 MOTER 1.2kW,True,1,"{""product"": ""moter""}"
electric motorized actuator,True,1,"{""product"": ""electric motorized actuator""}"
armature of stanley sc-16,True,1,"{""product"": ""armature""}"
high power dc water motors project,True,1,"{""product"": ""high power""}"
high power dc water motors for project near badlapur,True,1,"{""product"": ""high power""}"
150HP 960 RPM ELECTRIC MOTOR,True,1,"{""product"": ""electric motor""}"
30HP 960 RPM ELECTRIC MOTOR,True,1,"{""product"": ""electric motor""}"
600 kg sliding gate motor,True,1,"{""product"": ""sliding gate motor""}"
75HP Face Mounted Motor Marathon,True,1,"{""product"": ""face mounted motor""}"
high power dc motors,True,1,"{""product"": ""dc motors""}"
Switch Reluctance Motor,True,1,"{""product"": ""switch reluctance motor""}"
Tower Fan Motor,True,1,"{""product"": ""tower fan motor""}"
315 KW 1450 RPM ELECTEIC MOTOR,True,1,"{""product"": ""electeic motor""}"
SIMOTICS S synchronous motor 1FK7 1FK7081-3BF71-1QB1,True,1,"{""product"": ""synchronous motor""}"
SIMOTICS S synchronous motor 1FK7 1FK7081-3BF71-1RH1,True,1,"{""product"": ""synchronous motor""}"
three phase 1 piece 1 hp (0.75 kw) 1440 rpm 1.5 KW Sew Brake Motor,True,1,"{""product"": ""1 hp""}"
3 HP 3 Phase Induction Motor 100%copper Winding,True,1,"{""product"": ""3 phase induction motor""}"
Refrigerator Motor,True,1,"{""product"": ""refrigerator motor""}"
220hp 960 rpm ELECTRIC MOTOR,True,1,"{""product"": ""electric motor""}"
SIMOTICS S synchronous motor 1FK7- 1FK7103-3BC71-1QA1,True,1,"{""product"": ""synchronous motor""}"
SIMOTICS S Synchronous motor 1FK7 1FK7103-2AC71-1RH1,True,1,"{""product"": ""synchronous motor""}"
Face Mounted Motor marathon 75hp,True,1,"{""product"": ""face mounted motor""}"
Solenoid Switches,True,1,"{""product"": ""solenoid switches""}"
Linear Motor,True,1,"{""product"": ""linear motor""}"
200KW Flange Induction Motor,True,1,"{""product"": ""induction motor""}"
valve positioner,True,1,"{""product"": ""valve positioner""}"
rotex positioner,True,1,"{""product"": ""positioner""}"
AC Slip Ring Induction Motor,True,1,"{""product"": ""slip ring induction motor""}"
4HP Single Phase Electric Motor 220-240V 50-60Hz for Air Compressor,True,1,"{""product"": ""single phase electric motor""}"
Crompton  1.5HP 2800RPM  Foot Mounted Motor,True,1,"{""product"": ""foot mounted motor""}"
Vending machine parts geair motor DC,True,1,"{""product"": ""motor dc""}"
15 hp motor,True,1,"{""product"": ""15 hp motor""}"
VSI motor,True,1,"{""product"": ""motor""}"
Indo Cooler Motor Silver line,True,1,"{""product"": ""cooler motor""}"
motor for toto,True,1,"{""product"": ""motor""}"
"Motor Lamination V-4, 92-48-25 (R)",True,1,"{""product"": ""motor lamination""}"
DANFOSS ACTUATOR AME435,True,1,"{""product"": ""actuator""}"
grinding-motor,True,1,"{""product"": ""grinding-motor""}"
50 n 100 mm linear motor,True,1,"{""product"": ""linear motor""}"
Toy motor 3v,True,1,"{""product"": ""toy motor""}"
100 mm linear motor,True,1,"{""product"": ""linear motor""}"
Crompton Greaves 15HP 960RPM  Foot Mounted  Motor,True,1,"{""product"": ""crompton greaves""}"
Crompton  2HP  2800RPM Flange Floor  Mounted  Motor,True,1,"{""product"": ""floor mounted""}"
solenoid switch parts,True,1,"{""product"": ""solenoid switch""}"
Crompton  1 HP Mini Sergeant Motor,True,1,"{""product"": ""1 hp""}"
1450 Rpm 1 Hp Motor Cg Make,True,1,"{""product"": ""1 hp motor""}"
"Motor Lamination V-4, 92.5-50-28",True,1,"{""product"": ""motor lamination""}"
Crompton  3HP 1440RPM  Foot Cum Flange Motor,True,1,"{""product"": ""foot cum flange motor""}"
Stepper Motor Controller,True,1,"{""product"": ""stepper motor controller""}"
kirloskar 10 hp 1440 rpm original motor,True,1,"{""product"": ""motor""}"
Single Phase Flange Mounted,True,1,"{""product"": ""flange mounted""}"
PANASONIC MOTOR,True,1,"{""product"": ""motor""}"
Worm Gearbox Motors,True,1,"{""product"": ""worm gearbox motors""}"
Piston Nebulizer Motor,True,1,"{""product"": ""motor""}"
"Motor Lamination V-6, 137-72-29",True,1,"{""product"": ""motor lamination""}"
Crompton 2HP  Flange Mounted  Motor,True,1,"{""product"": ""flange mounted motor""}"
mgm brake motors,True,1,"{""product"": ""brake motors""}"
Crompton Single Phase 0.5 HP Flange Motor,True,1,"{""product"": ""flange motor""}"
CG Make 1hp 1440 rpm Flange Mounted Brake Motor,True,1,"{""product"": ""flange mounted brake motor""}"
200HP Abb Induction Motor,True,1,"{""product"": ""abb induction motor""}"
2800 rpm foot mounted abb electric motor,True,1,"{""product"": ""abb electric motor""}"
Flameproof Dol Starter,True,1,"{""product"": ""flameproof dol starter""}"
Micromotor,True,1,"{""product"": ""micromotor""}"
75 kw 100 hp induction motor,True,1,"{""product"": ""induction motor""}"
20hp Abb Induction Motor,True,1,"{""product"": ""abb induction motor""}"
0.25 HP 1440RPM  Ft  Single Phase Double Shaft Motor,True,1,"{""product"": ""double shaft motor""}"
Non Electric Motor,True,1,"{""product"": ""non electric motor""}"
crompton greaves motor kv ka motor dikhlayiye,True,1,"{""product"": ""crompton greaves motor""}"
2800  rpm 4 foot  mounted abb electric motor,True,1,"{""product"": ""abb electric motor""}"
2800  rpm 4 abb electric motor,True,1,"{""product"": ""abb electric motor""}"
1 HP Texmo Taro Single Phase Motor Starter,True,1,"{""product"": ""single phase motor starter""}"
Nebulizer Compressor Motor,True,1,"{""product"": ""compressor motor""}"
0.75 KW Godrej 1158 1HP Electric Motor,True,1,"{""product"": ""1hp electric motor""}"
gec 10 hp 960 rpm industrial motors,True,1,"{""product"": ""industrial motors""}"
Linear Actuator Switch,True,1,"{""product"": ""linear actuator""}"
730 Frame Slipring Induction Motor,True,1,"{""product"": ""induction motor""}"
noortepar manufacturing plant,True,1,"{""product"": ""manufacturing plant""}"
TEFC Motor,True,1,"{""product"": ""tefc motor""}"
1hp single phase ac motor,True,1,"{""product"": ""1hp single phase""}"
Motor Lamination V-3 70-41-22,True,1,"{""product"": ""motor lamination""}"
screed vibrator motor,True,1,"{""product"": ""screed vibrator motor""}"
godrej lawkim motor lk 4250,True,1,"{""product"": ""godrej lawkim motor""}"
Godrej Lawkim Motor LK-4250,True,1,"{""product"": ""godrej lawkim motor""}"
ABB 200HP Induction Motor,True,1,"{""product"": ""induction motor""}"
High Voltage Closed Air Circuit Air Cooled TP Series Vertical Mounting Induction Motors,True,1,"{""product"": ""air cooled""}"
Kenstar Motor Rotor Armature,True,1,"{""product"": ""armature""}"
Fire Safety Solenoid,True,1,"{""product"": ""fire safety""}"
Induction Brake And Motor 3Hp to 100 HP,True,1,"{""product"": ""100""}"
Printer Solenoid Switch,True,1,"{""product"": ""solenoid switch""}"
Mini Solenoid Switches,True,1,"{""product"": ""solenoid switches""}"
